{
  "roc_auc": 0.7523873875328427,
  "f1_score": 0.43478260869565216,
  "precision": 0.4343629343629344,
  "recall": 0.43520309477756286,
  "accuracy": 0.8576988567258574
}